{
  "name": "Food Access Locator Plugin",
  "version": "2.0.0",
  "download_url": "https://foodaccesslrs.blob.core.windows.net/wp-plugin/food-access-locator-v2.0.0.zip",

  "homepage": "https://github.com/WEBIT-Services/FoodAccessLocatorWPPlugin",
  "requires": "4.5",
  "tested": "5.4",
  "last_updated": "2020-10-01 14:51:00",
  "upgrade_notice": "Time to upgrade!",

  "author": "WEBIT Services, Inc.",
  "author_homepage": "http://www.webitservices.com/",

  "sections": {
    "description": "(Required) WordPress plugin for embedding the Food Access Locator application into a food bank's WordPress website. NOTE: A security token is required to activate this plugin.",
    "installation": "(Recommended) Download the Food Access Locator plugin installation zip file: https://foodaccesslrs.blob.core.windows.net/wp-plugin/food-access-locator-v2.0.0.zip <br/><br/>Use the 'Upload Plugin' option to upload the installation zip file to the WordPress site.  After the plugin is uploaded, installed and activated, a 'Food Access Locator' item will show up in left sidebar menu on the Admin screen. In that Food Access Locator settings screen, enter the 'Region Access Token' acquired from Thierer Family Foundation. Add the [food_access_locator] shortcode on any page in the WordPress site to embed the Food Access Locator application. ",
    "changelog": "Changelog: <br/><br/>Version 1.0.13 - Removed the border around the iFrame for the map site.  <br/>Version 1.0.14 - Modified the iFrame to use the new standard URLs for the Food Locator map websites.  <br/>Version 2.0.0 - Removed fields that are now configurable in the multi-network platform."
  },

  "icons": {
    "1x": "https://foodaccesslrs.blob.core.windows.net/wp-plugin/MapMarker_With_Shadow.png",
    "2x": "https://foodaccesslrs.blob.core.windows.net/wp-plugin/MapMarker_With_Shadow.png"
  },

  "banners": {
    "low": "https://foodaccesslrs.blob.core.windows.net/wp-plugin/PantryLocatorLogo.png",
    "high": "https://foodaccesslrs.blob.core.windows.net/wp-plugin/PantryLocatorLogo.png"
  }
}